Kakalina,Female,47
Kala,Female,60
Kaleb,Male,84
Kaleena,Female,55
Kali,Female,20
Kalie,Female,76
Kalil,Male,44
Kalila,Female,22
Kalina,Female,76
Kalinda,Female,45
Kalindi,Female,61
Kalle,Male,85
Kalli,Female,39
Kally,Female,82
Kalman,Male,82
Kalvin,Male,32
Kam,Male,41
Kameko,Female,90
Kamila,Female,83
Kamilah,Female,84
Kamillah,Female,90
Kandace,Female,56
Kandy,Female,59
Kane,Male,92
Kania,Female,97
Kanya,Female,29
Kara,Female,63
Karalee,Female,84
Karalynn,Female,84
Kara-Lynn,Female,77
Kare,Female,77
Karee,Female,65
Kareem,Male,62
Karel,Male,97
Karel,Female,75
Karen,Female,63
Karena,Female,32
Kari,Female,82
Karia,Female,47
Karie,Female,24
Karil,Female,98
Karilynn,Female,39
Karim,Male,63
Karin,Female,62
Karina,Female,61
Karine,Female,88
Kariotta,Female,37
Karisa,Female,90
Karissa,Female,56
Karita,Female,95
Karl,Male,29
Karla,Female,60
Karlee,Female,35
Karleen,Female,76
Karlen,Female,91
Karlene,Female,58
Karlie,Female,32
Karlotta,Female,71
Karlotte,Female,79
Karly,Female,62
Karlyn,Female,60
Karmen,Female,57
Karna,Female,91
Karol,Female,20
Karola,Female,63
Karole,Female,58
Karolina,Female,69
Karoline,Female,31
Karoly,Female,87
Karon,Female,46
Karrah,Female,56
Karrie,Female,68
Karry,Female,32
Karsten,Male,80
Kary,Female,65
Karyl,Female,25
Karylin,Female,94
Karyn,Female,32
Kasey,Female,72
Kaspar,Male,53
Kass,Female,85
Kassandra,Female,34
Kassey,Female,60
Kassi,Female,34
Kassia,Female,91
Kassie,Female,59
Kaster,Female,20
Kat,Female,77
Kata,Female,40
Katalin,Female,34
Kate,Female,23
Katee,Female,47
Katerina,Female,45
Katerine,Female,51
Katey,Female,59
Kath,Female,41
Katha,Female,45
Katharina,Female,76
Katharine,Female,73
Katharyn,Female,39
Kathe,Female,68
Katheleen,Female,50
Katherina,Female,89
Katherine,Female,49
Katheryn,Female,24
Kathi,Female,22
Kathie,Female,88
Kathleen,Female,27
Kathlene,Female,38
Kathlin,Female,25
Kathrine,Female,26
Kathryn,Female,92
Kathryne,Female,89
Kathy,Female,79
Kathye,Female,47
Kati,Female,74
Katie,Female,56
Katina,Female,68
Katine,Female,71
Katinka,Female,87
Katleen,Female,42
Katlin,Female,68
Katrina,Female,51
Katrine,Female,72
Katrinka,Female,96
Katti,Female,39
Kattie,Female,94
Katuscha,Female,97
Katusha,Female,28
Katy,Female,55
Katya,Female,58
Kay,Female,53
Kaycee,Female,22
Kaye,Female,81
Kayla,Female,61
Kayle,Female,83
Kaylee,Female,91
Kayley,Female,96
Kaylil,Female,26
Kaylyn,Female,99
Kee,Female,52
Keefe,Male,52
Keeley,Female,86
Keelia,Female,57
Keely,Female,98
Keenan,Male,29
Keene,Male,68
Keil,Male,45
Keith,Male,83
Kelcey,Female,73
Kelci,Female,93
Kelcie,Female,61
Kelcy,Female,90
Kelila,Female,55
Kellen,Male,66
Kellen,Female,84
Kelley,Male,31
Kelley,Female,24
Kelli,Female,49
Kellia,Female,61
Kellie,Female,28
Kellina,Female,48
Kellsie,Female,83
Kelly,Male,29
Kelly,Female,62
Kellyann,Female,50
Kelsey,Male,30
Kelsey,Female,44
Kelsi,Female,56
Kelsy,Female,81
Kelvin,Male,66
Kelwin,Male,71
Ken,Male,49
Kendal,Male,63
Kendall,Male,28
Kendra,Female,65
Kendre,Female,71
Kendrick,Male,55
Kenn,Male,55
Kenna,Female,93
Kennedy,Male,87
Kenneth,Male,79
Kenny,Male,97
Kent,Male,40
Kenton,Male,90
Kenyon,Male,29
Keren,Female,36
Keri,Female,64
Keriann,Female,42
Kerianne,Female,97
Kermie,Male,35
Kermit,Male,23
Kerri,Female,50
Kerrie,Female,61
Kerrill,Female,93
Kerrin,Female,73
Kerry,Male,94
Kerry,Female,50
Kerstin,Female,44
Kesley,Female,39
Keslie,Female,22
Kessia,Female,47
Kessiah,Female,69
Ketti,Female,34
Kettie,Female,93
Ketty,Female,46
Kevan,Male,31
Kevin,Male,38
Kevina,Female,46
Kevyn,Female,45
Ki,Female,66
Kia,Female,53
Kiah,Female,49
Kial,Female,85
Kiele,Female,56
Kiersten,Female,43
Kikelia,Female,23
Kiley,Female,49
Kim,Male,95
Kim,Female,83
Kimball,Male,80
Kimberlee,Female,96
Kimberley,Female,20
Kimberli,Female,29
Kimberly,Female,67
Kimberlyn,Female,42
Kimbra,Female,52
Kimmi,Female,87
Kimmie,Female,99
Kimmo,Male,26
Kimmy,Female,72
Kin,Male,69
Kincaid,Male,57
King,Male,79
Kingsley,Male,98
Kingsly,Male,38
Kingston,Male,77
Kinna,Female,99
Kip,Male,86
Kip,Female,64
Kipp,Female,26
Kippie,Female,44
Kippy,Female,30
Kira,Female,32
Kirbee,Female,68
Kirbie,Female,58
Kirby,Male,86
Kirby,Female,88
Kiri,Female,41
Kirk,Male,64
Kirsten,Female,68
Kirsteni,Female,58
Kirsti,Female,70
Kirstie,Female,87
Kirstin,Female,91
Kirstyn,Female,75
Kissee,Female,44
Kissiah,Female,41
Kissie,Female,87
Kit,Male,30
Kit,Female,73
Kitti,Female,87
Kittie,Female,23
Kitty,Female,79
Kizzee,Female,36
Kizzie,Female,89
Klara,Female,45
Klarika,Female,88
Klarrisa,Female,50
Klaus,Male,83
Klee,Male,36
Knox,Male,23
Konrad,Male,75
Konstance,Female,45
Konstantin,Male,48
Konstanze,Female,71
Koo,Female,78
Kora,Female,34
Koral,Female,85
Koralle,Female,83
Kordula,Female,71
Kore,Female,43
Korella,Female,82
Koren,Female,48
Koressa,Female,62
Kori,Female,59
Korie,Female,82
Korney,Female,64
Korrie,Female,87
Korry,Female,67
Kory,Male,60
Kostas,Male,52
Kourtney,Female,71
Kraig,Male,83
Kris,Male,61
Kris,Female,46
Krishna,Male,79
Krissie,Female,68
Krissy,Female,78
Krista,Female,72
Kristal,Female,41
Kristan,Female,67
Kriste,Female,51
Kristel,Female,60
Kristen,Female,71
Kristi,Female,26
Kristian,Male,36
Kristien,Female,46
Kristin,Female,45
Kristina,Female,34
Kristine,Female,76
Kristopher,Male,84
Kristos,Male,85
Kristy,Female,36
Kristyn,Female,99
Krysta,Female,45
Krystal,Female,59
Krystalle,Female,42
Krystle,Female,64
Krystyna,Female,31
Kurt,Male,84
Kurtis,Male,34
Kyla,Female,41
Kyle,Male,21
Kyle,Female,38
Kylen,Female,71
Kylie,Female,74
Kylila,Female,49
Kylynn,Female,42
Kym,Female,80
Kynthia,Female,90
Kyrstin,Female,55
La,Female,73
Lacee,Female,90
Lacey,Female,34
Lacie,Female,97
Lacy,Female,25
Ladonna,Female,37
Laetitia,Female,24
Laila,Female,30
Laina,Female,50
Lainey,Female,96
Laird,Male,83
Lamar,Male,28
Lamb,Female,69
Lambert,Male,75
Lamont,Male,61
Lana,Female,83
Lance,Male,60
Lancelot,Male,71
Lane,Male,51
Lane,Female,24
Lanette,Female,63
Laney,Female,69
Langston,Male,95
Lani,Female,59
Lanie,Female,30
Lanita,Female,48
Lanna,Female,48
Lanni,Female,45
Lanny,Male,29
Lanny,Female,84
Lara,Female,67
Laraine,Female,67
Lari,Female,94
Larina,Female,57
Larine,Female,76
Larisa,Female,25
Larissa,Female,65
Lark,Female,92
Larry,Male,83
Lars,Male,55
Laryssa,Female,72
Latashia,Female,69
Latia,Female,55
Latisha,Female,57
Latrena,Female,69
Latrina,Female,87
Laura,Female,95
Lauraine,Female,91
Laural,Female,39
Lauralee,Female,61
Laurance,Male,40
Laure,Female,81
Lauree,Female,94
Laureen,Female,85
Laurel,Female,46
Laurella,Female,78
Lauren,Male,59
Lauren,Female,88
Laurena,Female,82
Laurence,Male,60
Laurene,Female,31
Laurens,Male,79
Laurent,Male,30
Lauretta,Female,71
Laurette,Female,88
Lauri,Female,73
Laurianne,Female,65
Laurice,Female,47
Laurie,Male,57
Laurie,Female,96
Lauryn,Female,92
Lavena,Female,49
Laverna,Female,60
Laverne,Female,78
Lavina,Female,37
Lavinia,Female,93
Lavinie,Female,34
Lawerence,Male,65
Lawrence,Male,45
Lawson,Male,54
Lawton,Male,70
Lay,Male,27
Layla,Female,46
Layne,Female,20
Layney,Female,44
Layton,Male,42
Lazar,Male,32
Lazare,Male,62
Lazaro,Male,54
Lazarus,Male,50
Lazlo,Male,91
Lea,Female,97
Leah,Female,58
Leandra,Female,20
Leann,Female,79
Leanna,Female,31
Leanne,Female,71
Leanor,Female,61
Leanora,Female,90
Lebbie,Female,26
Leda,Female,74
Lee,Male,22
Lee,Female,68
LeeAnn,Female,28
Leeann,Female,60
Leeanne,Female,93
Leela,Female,89
Leelah,Female,76
Leena,Female,98
Leesa,Female,43
Leese,Female,63
Lefty,Male,49
Legra,Female,76
Leia,Female,73
Leiah,Female,96
Leif,Male,45
Leigh,Male,32
Leigh,Female,42
Leigha,Female,33
Leighton,Male,41
Leila,Female,79
Leilah,Female,77
Leisha,Female,41
Lela,Female,22
Lelah,Female,57
Leland,Male,61
Leland,Female,29
Lelia,Female,37
Lem,Male,66
Lemar,Male,75
Lemmie,Male,35
Lemmy,Male,27
Lemuel,Male,72
Len,Male,36
Lena,Female,43
Lenard,Male,64
Lenee,Female,65
Lenette,Female,90
Lenka,Female,86
Lenna,Female,99
Lennie,Male,30
Lenny,Male,87
Lenora,Female,22
Lenore,Female,37
Leo,Male,51
Leodora,Female,65
Leoine,Female,76
Leola,Female,97
Leoline,Female,38
Leon,Male,42
Leona,Female,21
Leonanie,Female,49
Leonard,Male,81
Leonardo,Male,62
Leone,Female,86
Leonelle,Female,59
Leonerd,Male,93
Leonhard,Male,29
Leonid,Male,65
Leonidas,Male,22
Leonie,Female,52
Leonora,Female,71
Leonore,Female,22
Leontine,Female,58
Leontyne,Female,77
Leopold,Male,61
Leora,Female,41
Leorah,Female,54
Leroy,Male,35
Les,Male,86
Leshia,Female,69
Lesley,Male,84
Lesley,Female,98
Lesli,Female,43
Leslie,Male,42
Leslie,Female,98
Lesly,Female,76
Lester,Male,23
Lesya,Female,97
Leta,Female,67
Lethia,Female,50
Leticia,Female,75
Letisha,Female,91
Letitia,Female,79
Letta,Female,38
Letti,Female,53
Lettie,Female,47
Letty,Female,81
Lev,Male,49
Levi,Male,47
Levin,Male,42
Levon,Male,72
Levy,Male,81
Lew,Male,98
Lewis,Male,30
Lex,Male,77
Leyla,Female,87
Lezlie,Female,91
Lia,Female,67
Liam,Male,53
Lian,Female,90
Liana,Female,26
Liane,Female,30
Lianna,Female,22
Lianne,Female,88
Lib,Female,36
Libbey,Female,73
Libbi,Female,50
Libbie,Female,85
Libby,Female,63
Licha,Female,95
Lida,Female,37
Lidia,Female,66
Lil,Female,48
Lila,Female,86
Lilah,Female,53
Lilas,Female,81
Lilia,Female,36
Lilian,Female,74
Liliane,Female,85
Lilias,Female,48
Lilith,Female,63
Lilla,Female,70
Lilli,Female,89
Lillian,Female,57
Lillis,Female,91
Lilllie,Female,37
Lilly,Female,85
Lily,Female,70
Lilyan,Female,72
Lin,Male,58
Lin,Female,56
Lina,Female,86
Lincoln,Male,35
Lind,Male,71
Lind,Female,44
Linda,Female,26
Lindi,Female,31
Lindie,Female,58
Lindsay,Male,85
Lindsay,Female,57
Lindsey,Male,76
Lindsey,Female,92
Lindsy,Female,86
Lindy,Male,29
Lindy,Female,41
Linea,Female,50
Linell,Female,78
Linet,Female,86
Linette,Female,86
Linn,Female,81
Linnea,Female,54
Linnell,Female,70
Linnet,Female,25
Linnie,Female,22
Linoel,Male,78
Linus,Male,73
Linzy,Female,25
Lion,Male,36
Lionel,Male,51
Lionello,Male,42
Liora,Female,68
Liorah,Female,57
Lira,Female,92
Lisa,Female,42
Lisabeth,Female,55
Lisandra,Female,82
Lisbeth,Female,22
Lise,Female,53
Lisetta,Female,25
Lisette,Female,69
Lisha,Female,88
Lishe,Female,46
Lissa,Female,57
Lissi,Female,29
Lissie,Female,88
Lissy,Female,61
Lita,Female,84
Liuka,Female,61
Livia,Female,61
Liz,Female,53
Liza,Female,79
Lizabeth,Female,65
Lizbeth,Female,27
Lizette,Female,28
Lizzie,Female,39
Lizzy,Female,30
Llewellyn,Male,25
Lloyd,Male,56
Locke,Male,64
Lockwood,Male,72
Loella,Female,96
Logan,Male,92
Lois,Female,49
Loise,Female,55
Lola,Female,60
Lolande,Female,84
Loleta,Female,84
Lolita,Female,71
Lolly,Female,31
Lon,Male,43
Lona,Female,75
Lonee,Female,24
Loni,Female,20
Lonna,Female,81
Lonni,Female,93
Lonnie,Male,80
Lonnie,Female,81
Lonny,Male,44
Lora,Female,91
Lorain,Female,75
Loraine,Female,76
Loralee,Female,21
Loralie,Female,31
Loralyn,Female,82
Loree,Female,56
Loreen,Female,62
Lorelei,Female,44
Lorelle,Female,60
Loren,Male,40
Loren,Female,60
Lorena,Female,95
Lorene,Female,66
Lorenza,Female,55
Lorenzo,Male,33
Loretta,Female,86
Lorettalorna,Female,92
Lorette,Female,95
Lori,Female,58
Loria,Female,59
Lorianna,Female,65
Lorianne,Female,50
Lorie,Female,53
Lorilee,Female,41
Lorilyn,Female,27
Lorinda,Female,70
Lorine,Female,40
Lorita,Female,90
Lorna,Female,50
Lorne,Male,39
Lorne,Female,66
Lorraine,Female,46
Lorrayne,Female,74
Lorri,Female,95
Lorrie,Male,35
Lorrie,Female,27
Lorrin,Female,44
Lorry,Female,62
Lory,Female,62
Lothar,Male,97
Lotta,Female,50
Lotte,Female,51
Lotti,Female,23
Lottie,Female,75
Lotty,Female,41
Lou,Male,29
Lou,Female,47
Louella,Female,97
Louie,Male,44
Louis,Male,21
Louisa,Female,54
Louise,Female,99
Louisette,Female,90
Love,Female,75
Lovell,Male,33
Lowell,Male,46
Luana,Female,42
Luanna,Female,77
Lucas,Male,93
Luce,Male,55
Luce,Female,99
Luci,Female,20
Lucia,Female,32
Lucian,Male,40
Luciana,Female,67
Luciano,Male,66
Lucie,Female,66
Lucien,Male,86
Lucienne,Female,37
Lucila,Female,47
Lucilia,Female,73
Lucille,Female,39
Lucina,Female,59
Lucinda,Female,69
Lucine,Female,63
Lucio,Male,73
Lucita,Female,58
Lucius,Male,76
Lucky,Female,48
Lucretia,Female,41
Lucy,Female,57
Ludvig,Male,29
Ludwig,Male,41
Luella,Female,96
Luelle,Female,57
Luigi,Male,40
Luis,Male,93
Luisa,Female,31
Luise,Female,41
Lukas,Male,49
Luke,Male,59
Lula,Female,71
Lulita,Female,96
Lulu,Female,65
Luna,Female,34
Lura,Female,48
Lurette,Female,66
Lurleen,Female,70
Lurlene,Female,43
Lurline,Female,98
Lusa,Female,70
Lust,Female,83
Luther,Male,77
Lyda,Female,30
Lydia,Female,39
Lydie,Female,59
Lyle,Male,37
Lyn,Male,41
Lyn,Female,50
Lynda,Female,56
Lynde,Female,94
Lyndel,Female,91
Lyndell,Female,29
Lyndon,Male,91
Lyndsay,Female,37
Lyndsey,Female,38
Lyndsie,Female,30
Lyndy,Female,59
Lynea,Female,89
Lynelle,Female,94
Lynett,Female,90
Lynette,Female,30
Lynn,Male,22
Lynn,Female,74
Lynna,Female,58
Lynne,Female,66
Lynnea,Female,81
Lynnell,Female,23
Lynnelle,Female,54
Lynnet,Female,98
Lynnett,Female,54
Lynnette,Female,76
Lynsey,Female,85
Lysandra,Female,38
Lyssa,Female,24
Mab,Female,80
Mabel,Female,92
Mabelle,Female,22
Mable,Female,80
Mac,Male,30
Mace,Male,68
Mack,Male,86
Mackenzie,Male,63
Mada,Female,67
Madalena,Female,50
Madalyn,Female,61
Maddalena,Female,98
Maddi,Female,69
Maddie,Male,22
Maddie,Female,27
Maddy,Male,57
Maddy,Female,67
Madel,Female,82
Madelaine,Female,47
Madeleine,Female,67
Madelena,Female,70
Madelene,Female,69
Madelin,Female,87
Madelina,Female,43
Madeline,Female,37
Madella,Female,41
Madelle,Female,73
Madelon,Female,33
Madelyn,Female,60
Madge,Female,75
Madison,Male,29
Madlen,Female,81
Madlin,Female,62
Madona,Female,57
Madonna,Female,54
Mady,Female,35
Mae,Female,50
Maegan,Female,68
Mag,Female,66
Magda,Female,30
Magdaia,Female,30
Magdalen,Female,48
Magdalena,Female,60
Magdalene,Female,23
Maggee,Female,62
Maggi,Female,98
Maggie,Female,89
Maggy,Female,39
Magna,Female,25
Magnum,Male,22
Magnus,Male,99
Mahala,Female,31
Mahalia,Female,27
Mahesh,Male,99
Mahmoud,Male,27
Mahmud,Male,87
Maia,Female,52
Maible,Female,32
Maiga,Female,69
Mair,Female,71
Maire,Female,84
Mairead,Female,44
Maisey,Female,59
Maisie,Female,86
Maison,Male,41
Major,Male,83
Mala,Female,94
Malanie,Female,80
Malcah,Female,41
Malcolm,Male,21
Malena,Female,86
Malia,Female,64
Malina,Female,81
Malinda,Female,28
Malinde,Female,86
Malissa,Female,27
Malissia,Female,41
Malka,Female,24
Malkah,Female,62
Mallissa,Female,62
Mallorie,Female,34
Mallory,Female,30
Malorie,Female,53
Malory,Female,29
Malva,Female,56
Malvina,Female,86
Malynda,Female,72
Mame,Female,79
Mamie,Female,96
Manda,Female,98
Mandi,Female,32
Mandie,Female,45
Mandy,Female,97
Manfred,Male,21
Manish,Male,69
Manny,Male,48
Manon,Female,24
Manuel,Male,26
Manya,Female,29
Mara,Female,83
Marabel,Female,20
Marc,Male,24
Marcel,Male,53
Marcela,Female,78
Marcelia,Female,98
Marcella,Female,20
Marcelle,Female,75
Marcellina,Female,46
Marcelline,Female,82
Marcello,Male,87
Marcellus,Male,22
Marcelo,Male,43
Marchall,Male,23
Marchelle,Female,60
Marci,Female,22
Marcia,Female,56
Marcie,Female,48
Marcile,Female,31
Marcille,Female,33
Marcio,Male,71
Marco,Male,62
Marcos,Male,88
Marcus,Male,83
Marcy,Female,69
Mareah,Female,91
Maren,Female,35
Marena,Female,50
Maressa,Female,47
Marga,Female,43
Margalit,Female,37
Margalo,Female,40
Margaret,Female,73
Margareta,Female,86
Margarete,Female,73
Margaretha,Female,30
Margarethe,Female,87
Margaretta,Female,31
Margarette,Female,89
Margarita,Female,69
Margaux,Female,26
Marge,Female,22
Margeaux,Female,93
Margery,Female,42
Marget,Female,48
Margette,Female,81
Margi,Female,52
Margie,Female,56
Margit,Female,87
Marglerite,Female,91
Margo,Female,65
Margot,Female,43
Margret,Female,74
Marguerite,Female,48
Margurite,Female,23
Margy,Female,23
Mari,Female,78
Maria,Female,30
Mariam,Female,64
Marian,Female,67
Mariana,Female,31
Mariann,Female,63
Marianna,Female,45
Marianne,Female,70
Maribel,Female,56
Maribelle,Female,57
Maribeth,Female,72
Marice,Female,56
Maridel,Female,96
Marie,Female,82
Marieann,Female,85
Marie-Ann,Female,41
Mariejeanne,Female,55
Marie-Jeanne,Female,95
Mariel,Female,62
Mariele,Female,38
Marielle,Female,52
Mariellen,Female,96
Marietta,Male,36
Marietta,Female,94
Mariette,Female,62
Marigold,Female,28
Marijo,Female,99
Marika,Female,50
Marilee,Female,58
Marilin,Female,88
Marillin,Female,30
Marilu,Male,90
Marilyn,Female,86
Marin,Female,91
Marina,Female,34
Marinna,Female,76
Mario,Male,28
Marion,Male,49
Marion,Female,91
Mariquilla,Female,86
Maris,Female,41
Marisa,Female,97
Mariska,Female,61
Marissa,Female,60
Marit,Female,98
Marita,Female,59
Maritsa,Female,80
Marius,Male,39
Mariya,Female,98
Marj,Female,68
Marja,Female,81
Marje,Female,71
Marji,Female,74
Marjie,Female,93
Marjorie,Female,27
Marjory,Female,43
Marjy,Female,58
Mark,Male,67
Marketa,Female,61
Marko,Male,46
Markos,Male,91
Markus,Male,77
Marla,Female,44
Marlane,Female,94
Marleah,Female,24
Marlee,Female,57
Marleen,Female,68
Marlena,Female,74
Marlene,Female,92
Marley,Female,89
Marlie,Female,56
Marlin,Male,78
Marline,Female,44
Marlo,Male,85
Marlo,Female,49
Marlon,Male,89
Marlow,Male,94
Marlowe,Male,30
Marlyn,Female,88
Marmaduke,Male,55
Marna,Female,77
Marne,Female,48
Marney,Female,30
Marni,Female,52
Marnia,Female,33
Marnie,Female,33
Marquita,Female,56
Marrilee,Female,49
Marris,Female,45
Marrissa,Female,68
Marry,Female,48
Marsh,Male,98
Marsha,Female,25
Marshal,Male,96
Marshall,Male,50
Marsiella,Female,80
Mart,Male,84
Marta,Female,59
Martainn,Male,82
Martelle,Female,88
Marten,Male,22
Martguerita,Female,43
Martha,Female,65
Marthe,Female,27
Marthena,Female,67
Marti,Female,64
Martica,Female,70
Martie,Male,23
Martie,Female,81
Martin,Male,98
Martina,Female,74
Martino,Male,22
Martita,Female,63
Marty,Male,82
Marty,Female,30
Martyn,Male,27
Martynne,Female,71
Marv,Male,74
Marve,Male,91
Marven,Male,45
Marvin,Male,98
Marwin,Male,63
Mary,Female,50
Marya,Female,92
Maryangelyn,Female,70
Maryann,Female,66
Maryanna,Female,51
Maryanne,Female,87
Marybelle,Female,54
Marybeth,Female,34
Maryellen,Female,81
Maryjane,Female,86
Maryjo,Female,64
Maryl,Female,48
Marylee,Female,67
Marylin,Female,44
Marylinda,Female,54
Marylou,Female,30
Marylynne,Female,48
Maryrose,Female,20
Marys,Female,29
Marysa,Female,89
Masha,Female,53
Mason,Male,75
Matelda,Female,95
Mateo,Male,41
Mathew,Male,91
Mathias,Male,79
Mathilda,Female,69
Mathilde,Female,60
Matias,Male,68
Matilda,Female,38
Matilde,Female,71
Matt,Male,70
Matteo,Male,75
Matthaeus,Male,61
Mattheus,Male,76
Matthew,Male,90
Matthias,Male,69
Matthieu,Male,55
Matthiew,Male,83
Matthus,Male,76
Matti,Female,71
Mattias,Male,64
Mattie,Male,74
Mattie,Female,77
Matty,Male,27
Matty,Female,31
Maud,Female,30
Maude,Female,25
Maudie,Female,69
Maura,Female,42
Maure,Female,25
Maureen,Female,53
Maureene,Female,68
Maurene,Female,21
Maurice,Male,28
Mauricio,Male,38
Maurie,Male,96
Maurine,Female,41
Maurise,Male,69
Maurise,Female,56
Maurita,Female,44
Maurits,Male,55
Mauritz,Male,98
Maury,Male,54
Mavis,Female,29
Mavra,Female,86
Max,Male,40
Max,Female,52
Maxfield,Male,48
Maxi,Female,78
Maxie,Male,93
Maxie,Female,84
Maxim,Male,89
Maximilian,Male,72
Maximilien,Male,63
Maxine,Female,92
Maxwell,Male,75
Maxy,Female,26
May,Female,24
Maya,Female,93
Maybelle,Female,76
Mayda,Female,54
Maye,Female,72
Mayer,Male,61
Maynard,Male,33
Maynord,Male,42
Mayor,Male,74
Mead,Male,33
Mead,Female,98
Meade,Male,28
Meade,Female,85
Meagan,Female,41
Meaghan,Female,90
Meara,Female,64
Mechelle,Female,46
Meg,Female,61
Megan,Female,66
Megen,Female,38
Meggan,Female,22
Meggi,Female,87
Meggie,Female,48
Meggy,Female,67
Meghan,Female,80
Meghann,Female,30
Mehetabel,Female,23
Mei,Female,23
Meier,Male,68
Meir,Male,87
Meira,Female,54
Mel,Male,61
Mel,Female,41
Mela,Female,80
Melamie,Female,81
Melania,Female,22
Melanie,Female,79
Melantha,Female,67
Melany,Female,76
Melba,Female,74
Melesa,Female,52
Melessa,Female,86
Melicent,Female,45
Melina,Female,47
Melinda,Female,97
Melinde,Female,89
Melisa,Female,99
Melisande,Female,56
Melisandra,Female,87
Melisenda,Female,93
Melisent,Female,96
Melissa,Female,60
Melisse,Female,56
Melita,Female,86
Melitta,Female,28
Mella,Female,27
Melli,Female,95
Mellicent,Female,20
Mellie,Female,54
Mellisa,Female,98
Mellisent,Female,75
Mellissa,Female,35
Melloney,Female,55
Melly,Female,75
Melodee,Female,65
Melodie,Female,78
Melody,Female,49
Melonie,Female,83
Melony,Female,71
Melosa,Female,22
Melva,Female,98
Melvin,Male,42
Melvyn,Male,32
Menard,Male,88
Mendel,Male,35
Mendie,Male,72
Mercedes,Female,27
Merci,Female,82
Mercie,Female,58
Mercy,Female,99
Meredeth,Male,66
Meredith,Male,33
Meredith,Female,87
Meredithe,Female,85
Merell,Male,42
Meridel,Female,83
Meridith,Female,52
Meriel,Female,85
Merilee,Female,99
Merill,Male,88
Merilyn,Female,70
Meris,Female,58
Merissa,Female,74
Merl,Female,31
Merla,Female,87
Merle,Male,63
Merle,Female,95
Merlin,Male,22
Merlina,Female,47
Merline,Female,52
Merna,Female,89
Merola,Female,90
Merralee,Female,52
Merrel,Male,20
Merrick,Male,92
Merridie,Female,77
Merrie,Female,61
Merrielle,Female,78
Merril,Male,38
Merrile,Female,95
Merrilee,Female,41
Merrili,Female,61
Merrill,Male,67
Merrill,Female,43
Merrily,Female,36
Merry,Male,51
Merry,Female,34
Mersey,Female,58
Merv,Male,42
Mervin,Male,46
Merwin,Male,84
Meryl,Male,97
Meryl,Female,55
Meta,Female,70
Meyer,Male,47
Mia,Female,68
Mic,Male,92
Micaela,Female,52
Micah,Male,26
Michael,Male,54
Michaela,Female,44
Michaelina,Female,31
Michaeline,Female,61
Michaella,Female,78
Michail,Male,72
Michal,Male,88
Michal,Female,27
Michale,Male,42
Micheal,Male,66
Micheil,Male,36
Michel,Male,69
Michel,Female,62
Michele,Male,97
Michele,Female,91
Michelina,Female,82
Micheline,Female,86
Michell,Female,75
Michelle,Female,77
Mick,Male,98
Mickey,Male,90
Micki,Female,73
Mickie,Male,21
Mickie,Female,95
Micky,Male,35
Micky,Female,48
Midge,Female,72
Mignon,Female,25
Mignonne,Female,96
Miguel,Male,82
Miguela,Female,91
Miguelita,Female,52
Mika,Male,55
Mikael,Male,51
Mikako,Female,73
Mike,Male,96
Mikel,Male,53
Mikey,Male,42
Mikhail,Male,69
Mildred,Female,67
Mildrid,Female,26
Milena,Female,25
Miles,Male,38
Milicent,Female,81
Milissent,Female,66
Milka,Female,26
Milli,Female,37
Millicent,Male,59
Millicent,Female,60
Millie,Female,74
Millisent,Female,34
Milly,Female,92
Milo,Male,64
Milt,Male,80
Milton,Male,47
Milzie,Female,86
Mimi,Female,80
Min,Female,48
Mina,Female,97
Minda,Female,95
Mindy,Female,36
Minerva,Female,92
Minetta,Female,63
Minette,Female,89
Minna,Female,21
Minni,Female,75
Minnie,Female,29
Minny,Female,84
Minta,Female,91
Miquela,Female,49
Mira,Female,86
Mirabel,Female,79
Mirabella,Female,69
Mirabelle,Female,59
Miran,Female,49
Miranda,Female,90
Mireielle,Female,72
Mireille,Female,92
Mirella,Female,63
Mirelle,Female,41
Miriam,Female,43
Mirilla,Female,78
Mirna,Female,49
Mischa,Male,41
Misha,Female,98
Missie,Female,38
Missy,Female,77
Misti,Female,91
Misty,Female,56
Mitch,Male,71
Mitchael,Male,26
Mitchel,Male,99
Mitchell,Male,77
Mitra,Female,72
Mitzi,Female,91
Mmarianne,Female,64
Modesta,Female,95
Modestia,Female,84
Modestine,Female,37
Modesty,Female,45
Moe,Male,89
Mohamad,Male,97
Mohamed,Male,61
Mohammad,Male,38
Mohammed,Male,53
Mohan,Male,93
Moina,Female,51
Moira,Female,46
Moise,Male,37
Moises,Male,24
Moishe,Male,66
Moll,Female,56
Mollee,Female,28
Molli,Female,64
Mollie,Female,84
Molly,Female,56
Mommy,Female,67
Mona,Female,40
Monah,Female,51
Monica,Female,97
Monika,Female,58
Monique,Female,92
Monroe,Male,58
Montague,Male,55
Monte,Male,92
Montgomery,Male,85
Monty,Male,76
Moore,Male,20
Mora,Female,83
Mordecai,Male,59
Moreen,Female,78
Morena,Female,91
Morgan,Male,67
Morgan,Female,72
Morgana,Female,24
Morganica,Female,82
Morganne,Female,72
Morgen,Female,66
Moria,Female,63
Morissa,Female,93
Morlee,Male,94
Morlee,Female,83
Morley,Male,27
Morly,Male,67
Morna,Female,46
Morrie,Male,63
Morris,Male,52
Morry,Male,81
Morse,Male,53
Mort,Male,64
Morten,Male,55
Mortie,Male,98
Mortimer,Male,65
Morton,Male,87
Morty,Male,45
Mose,Male,27
Moselle,Female,72
Moses,Male,63
Moshe,Male,56
Moss,Male,56
Moya,Female,71
Moyna,Female,23
Moyra,Female,29
Mozelle,Female,91
Muffin,Male,91
Muffin,Female,27
Mufi,Female,44
Mufinella,Female,68
Mugsy,Male,89
Muhammad,Male,38
Muire,Female,71
Munmro,Male,25
Munroe,Male,85
Murdoch,Male,94
Murdock,Male,27
Mureil,Female,90
Murial,Female,48
Muriel,Female,26
Murielle,Female,80
Murphy,Male,25
Murray,Male,61
Mustafa,Male,23
Myke,Male,62
Myles,Male,86
Mylo,Male,46
Myna,Female,73
Myra,Female,62
Myrah,Female,84
Myranda,Female,72
Myriam,Female,86
Myrilla,Female,73
Myrle,Female,22
Myrlene,Female,63
Myrna,Female,46
Myron,Male,48
Myrta,Female,94
Myrtia,Female,72
Myrtice,Female,57
Myrtie,Female,35
Myrtle,Female,77
Nada,Female,60
Nadean,Female,90
Nadeen,Female,22
Nadia,Female,33
Nadine,Female,71
Nadiya,Female,39
Nady,Female,90
Nadya,Female,21
Nahum,Male,21
Nalani,Female,67
Nan,Female,57
Nana,Female,85
Nananne,Female,95
Nance,Female,77
Nancee,Female,56
Nancey,Female,70
Nanci,Female,26
Nancie,Female,64
Nancy,Female,36
Nanete,Female,99
Nanette,Female,70
Nani,Female,73
Nanice,Female,81
Nanine,Female,75
Nannette,Female,62
Nanni,Female,75
Nannie,Female,76
Nanny,Female,26
Nanon,Female,87
Naoma,Female,96
Naomi,Female,86
Napoleon,Male,99
Nara,Female,90
Nari,Female,65
Nariko,Female,78
Nat,Male,56
Nat,Female,92
Nata,Female,40
Natala,Female,40
Natale,Male,57
Natalee,Female,48
Natalia,Female,79
Natalie,Female,32
Natalina,Female,90
Nataline,Female,51
Natalya,Female,80
Natasha,Female,81
Natassia,Female,65
Nate,Male,53
Nathalia,Female,29
Nathalie,Female,31
Nathan,Male,46
Nathanael,Male,73
Nathanial,Male,92
Nathaniel,Male,88
Nathanil,Male,54
Natka,Female,64
Natty,Female,74
Neal,Male,70
Neala,Female,69
Neale,Male,38
Neall,Male,32
Nealon,Male,66
Nealson,Male,23
Nealy,Male,45
Ned,Male,86
Neda,Female,25
Nedda,Female,33
Neddie,Male,69
Neddy,Male,43
Nedi,Female,55
Neel,Male,80
Neely,Female,49
Neil,Male,90
Neila,Female,27
Neile,Female,69
Neilla,Female,95
Neille,Female,75
Nela,Female,80
Nelia,Female,43
Nelie,Female,21
Nell,Female,44
Nelle,Female,79
Nelli,Female,63
Nellie,Female,22
Nelly,Female,93
Nels,Male,96
Nelsen,Male,21
Nelson,Male,42
Nena,Female,71
Nerissa,Female,28
Nerita,Female,55
Nero,Male,43
Neron,Male,75
Nert,Female,24
Nerta,Female,42
Nerte,Female,76
Nerti,Female,55
Nertie,Female,45
Nerty,Female,64
Nessa,Female,87
Nessi,Female,61
Nessie,Female,85
Nessy,Female,21
Nesta,Female,88
Nester,Male,24
Nestor,Male,50
Netta,Female,81
Netti,Female,56
Nettie,Female,57
Nettle,Female,33
Netty,Female,68
Nev,Male,53
Nevil,Male,48
Nevile,Male,88
Neville,Male,73
Nevin,Male,61
Nevins,Male,89
Nevsa,Female,50
Newton,Male,67
Neysa,Female,90
Niall,Male,67
Niccolo,Male,72
Nichol,Female,25
Nicholas,Male,48
Nichole,Male,39
Nichole,Female,70
Nicholle,Female,42
Nichols,Male,63
Nick,Male,93
Nickey,Male,83
Nicki,Female,23
Nickie,Male,62
Nickie,Female,53
Nickolas,Male,26
Nicky,Male,92
Nicky,Female,55
Nico,Male,37
Nicol,Female,26
Nicola,Female,26
Nicolas,Male,55
Nicole,Female,47
Nicolea,Female,54
Nicolette,Female,99
Nicoli,Female,45
Nicolina,Female,70
Nicoline,Female,48
Nicolle,Female,88
Nidia,Female,71
Niels,Male,93
Nigel,Male,81
Nike,Female,63
Niki,Male,93
Niki,Female,32
Nikita,Male,62
Nikki,Male,62
Nikki,Female,46
Nikkie,Female,78
Nikolai,Male,36
Nikoletta,Female,36
Nikolia,Female,60
Nikos,Male,91
Nil,Female,79
Niles,Male,95
Nils,Male,86
Nilson,Male,74
Nina,Female,53
Ninetta,Female,98
Ninette,Female,77
Ninnetta,Female,26
Ninnette,Female,88
Ninon,Female,23
Nisa,Female,27
Nissa,Female,28
Nisse,Female,61
Nissie,Female,77
Nissy,Female,77
Nita,Female,42
Nitin,Female,54
Niven,Male,44
Nixie,Female,70
Noach,Male,32
Noah,Male,76
Noam,Male,46
Noami,Female,80
Noble,Male,77
Noe,Male,36
Noel,Male,98
Noel,Female,71
Noelani,Female,75
Noell,Female,50
Noella,Female,83
Noelle,Female,28
Noellyn,Female,57
Noelyn,Female,99
Noemi,Female,46
Nola,Female,39
Nolan,Male,89
Nolana,Female,26
Noland,Male,76
Nolie,Female,21
Nollie,Female,54
Nomi,Female,39
Nona,Female,35
Nonah,Female,31
Noni,Female,24
Nonie,Female,95
Nonna,Female,80
Nonnah,Female,36
Nora,Female,90
Norah,Female,57
Norbert,Male,91
Norean,Female,44
Noreen,Female,66
Norene,Female,39
Norina,Female,28
Norine,Female,78
Norm,Male,25
Norma,Female,63
Norman,Male,79
Normand,Male,51
Normie,Male,96
Norri,Female,42
Norrie,Female,60
Norris,Male,87
Norry,Female,33
Northrop,Male,66
Northrup,Male,33
Norton,Male,20
Norwood,Male,59
Nova,Female,25
Novelia,Female,87
Nunzio,Male,79
Nydia,Female,29
Nyssa,Female,91
Obadiah,Male,83
Obadias,Male,26
Oberon,Male,45
Obie,Male,43
Octavia,Female,65
Octavius,Male,24
Odele,Female,91
Odelia,Female,62
Odelinda,Female,25
Odell,Male,34
Odella,Female,76
Odelle,Female,76
Odessa,Female,25
Odetta,Female,96
Odette,Female,50
Odie,Male,85
Odilia,Female,73
Odille,Female,83
Odin,Male,39
Odysseus,Male,52
Ofelia,Female,56
Ofella,Female,71
Ofilia,Female,35
Ola,Female,27
Olaf,Male,82
Olag,Male,24
Ole,Male,91
Oleg,Male,35
Olenka,Female,79
Olga,Female,89
Olia,Female,82
Olimpia,Female,21
Olin,Male,83
Olive,Female,44
Oliver,Male,33
Olivette,Female,66
Olivia,Female,94
Olivie,Female,86
Olivier,Male,82
Oliy,Female,94
Olle,Male,22
Ollie,Male,69
Ollie,Female,59
Olly,Female,49
Olva,Female,21
Olwen,Female,27
Olympe,Female,70
Olympia,Female,39
Olympie,Female,42
Omar,Male,98
Ondrea,Female,86
Oneida,Female,31
Onida,Female,85
Onlea,Female,50
Oona,Female,49
Opal,Female,24
Opalina,Female,66
Opaline,Female,83
Ophelia,Female,35
Ophelie,Female,90
Oprah,Female,34
Ora,Female,80
Oral,Male,53
Oralee,Female,73
Oralia,Female,71
Oralie,Female,49
Oralla,Female,31
Oralle,Female,45
Oran,Male,99
Orazio,Male,99
Orbadiah,Male,45
Orel,Female,46
Orelee,Female,82
Orelia,Female,28
Orelie,Female,88
Orella,Female,88
Orelle,Female,70
Oren,Male,44
Oreste,Female,90
Oriana,Female,47
Orin,Male,49
Orion,Male,77
Orlando,Male,88
Orly,Female,85
Orren,Male,33
Orrin,Male,53
Orsa,Female,34
Orsola,Female,56
Orson,Male,55
Ortensia,Female,42
Orton,Male,74
Orville,Male,73
Osbert,Male,35
Osborn,Male,21
Osborne,Male,65
Osbourn,Male,84
Osbourne,Male,83
Oscar,Male,97
Osgood,Male,84
Osmond,Male,67
Osmund,Male,33
Ossie,Male,55
Oswald,Male,75
Oswell,Male,46
Otes,Male,81
Otha,Female,53
Othelia,Female,20
Othella,Female,94
Othello,Male,90
Othilia,Female,86
Othilie,Female,40
Otho,Male,93
Otis,Male,74
Ottilie,Female,96
Otto,Male,87
Owen,Male,64
Ozzie,Male,63
Ozzy,Male,80
Pablo,Male,42
Pace,Male,56
Pacifica,Female,63
Paco,Male,89
Paddie,Male,50
Paddy,Male,27
Padraig,Male,54
Page,Male,80
Page,Female,94
Paige,Male,62
Paige,Female,86
Pail,Male,38
Palmer,Male,42
Paloma,Female,22
Pam,Female,35
Pamela,Female,22
Pamelina,Female,48
Pamella,Female,99
Pammi,Female,43
Pammie,Female,90
Pammy,Female,69
Pandora,Female,54
Pansie,Female,83
Pansy,Female,63
Paola,Female,37
Paolina,Female,53
Paolo,Male,65
Park,Male,80
Parke,Male,82
Parker,Male,74
Parnell,Male,92
Parrnell,Male,34
Parry,Male,83
Parsifal,Male,53
Partha,Male,29
Parwane,Female,51
Pascal,Male,40
Pascale,Male,55
Pasquale,Male,76
Pat,Male,97
Pat,Female,83
Pate,Male,94
Patel,Male,86
Paten,Male,24
Patience,Female,91
Patin,Male,22
Paton,Male,87
Patric,Male,70
Patrica,Female,48
Patrice,Male,59
Patrice,Female,53
Patricia,Female,96
Patricio,Male,64
Patrick,Male,70
Patrik,Male,58
Patrizia,Female,42
Patsy,Male,34
Patsy,Female,58
Patti,Female,78
Pattie,Male,68
Pattie,Female,83
Patty,Male,37
Patty,Female,21
Paul,Male,62
Paula,Female,38
Paula-Grace,Female,69
Paule,Female,35
Pauletta,Female,90
Paulette,Female,57
Pauli,Female,87
Paulie,Female,50
Paulina,Female,53
Pauline,Female,70
Paulita,Female,20
Paulo,Male,57
Pauly,Female,92
Pavel,Male,69
Pavia,Female,25
Pavla,Female,44
Pearce,Male,28
Pearl,Female,31
Pearla,Female,52
Pearle,Female,35
Pearline,Female,79
Pedro,Male,23
Peg,Female,98
Pegeen,Female,89
Peggi,Female,93
Peggie,Female,37
Peggy,Female,60
Peirce,Male,80
Pembroke,Male,83
Pen,Male,46
Pen,Female,35
Penelopa,Female,65
Penelope,Female,55
Penn,Male,23
Penni,Female,66
Pennie,Male,89
Pennie,Female,86
Penny,Male,44
Penny,Female,99
Penrod,Male,91
Pepe,Male,97
Pepi,Female,81
Pepillo,Male,45
Pepita,Female,87
Pepito,Male,75
Perceval,Male,60
Percival,Male,91
Percy,Male,51
Peri,Female,46
Peria,Female,56
Perl,Female,86
Perla,Female,76
Perle,Female,50
Perri,Female,37
Perrine,Female,31
Perry,Male,38
Perry,Female,21
Persis,Female,28
Pet,Female,59
Peta,Female,91
Pete,Male,60
Peter,Male,55
Petey,Male,71
Petr,Male,33
Petra,Female,82
Petrina,Female,58
Petronella,Female,36
Petronia,Female,90
Petronilla,Female,88
Petronille,Female,25
Petunia,Female,49
Peyter,Male,40
Peyton,Male,53
Phaedra,Female,58
Phaidra,Female,24
Phebe,Female,82
Phedra,Female,48
Phelia,Female,85
Phil,Male,48
Phil,Female,40
Philbert,Male,73
Philip,Male,32
Philipa,Female,90
Philippa,Female,61
Philippe,Female,99
Philippine,Female,54
Philis,Female,23
Phillida,Female,67
Phillie,Female,69
Phillip,Male,80
Phillipe,Male,34
Phillipp,Male,83
Phillis,Female,25
Philly,Female,53
Philomena,Female,28
Phineas,Male,28
Phip,Male,88
Phoebe,Female,75
Phylis,Female,23
Phyllida,Female,24
Phyllis,Female,60
Phyllys,Female,29
Phylys,Female,30
Pia,Female,32
Pier,Female,32
Pierce,Male,83
Pierette,Female,62
Pierre,Male,30
Pierrette,Female,50
Pierson,Male,48
Piet,Male,66
Pieter,Male,90
Pietra,Female,74
Pietro,Male,34
Piggy,Male,48
Pincas,Male,35
Pinchas,Male,57
Pincus,Male,60
Piotr,Male,21
Pip,Male,23
Piper,Female,90
Pippa,Female,23
Pippy,Female,37
